wavelength,reflectance
350,0.892735997
351,0.893448461
352,0.894160273
353,0.894871431
354,0.895581936
355,0.896291789
356,0.897000988
357,0.897709534
358,0.898417428
359,0.899124669
360,0.899831256
361,0.900537191
362,0.901242473
363,0.901947101
364,0.902651077
365,0.9033544
366,0.90405707
367,0.904759087
368,0.905460451
369,0.906161162
370,0.906861221
371,0.907560626
372,0.908259378
373,0.908957477
374,0.909654924
375,0.91076357
376,0.91153272
377,0.912272803
378,0.913000039
379,0.913739355
380,0.914477508
381,0.915209805
382,0.915901192
383,0.91658027
384,0.917290576
385,0.917994545
386,0.91865375
387,0.919296637
388,0.919954144
389,0.920618748
390,0.921263939
391,0.921874572
392,0.922463491
393,0.923044207
394,0.92362552
395,0.924184604
396,0.924711312
397,0.925237164
398,0.925762892
399,0.926274471
400,0.926808414
401,0.927356937
402,0.927885983
403,0.928373917
404,0.928842702
405,0.929315897
406,0.929774067
407,0.930197706
408,0.930641217
409,0.931094767
410,0.931528191
411,0.93193715
412,0.932348036
413,0.932766732
414,0.933169299
415,0.933564212
416,0.933967164
417,0.934381164
418,0.934803562
419,0.935224488
420,0.935632001
421,0.936026708
422,0.936403696
423,0.93677819
424,0.937158652
425,0.937543135
426,0.937919288
427,0.938303832
428,0.938689267
429,0.939052959
430,0.939410354
431,0.939766842
432,0.940128804
433,0.940500613
434,0.940858509
435,0.941202687
436,0.941547011
437,0.941888579
438,0.942228589
439,0.942563104
440,0.942885893
441,0.943204255
442,0.943520458
443,0.943832517
444,0.944128597
445,0.944420265
446,0.944711334
447,0.944998815
448,0.945273373
449,0.945543533
450,0.945810689
451,0.946066148
452,0.946314317
453,0.946559893
454,0.946801272
455,0.947028879
456,0.947252073
457,0.94747201
458,0.947687978
459,0.947895724
460,0.948095521
461,0.94829424
462,0.948495508
463,0.948685259
464,0.948866634
465,0.949045678
466,0.949225129
467,0.949407756
468,0.949585353
469,0.949752598
470,0.94991997
471,0.950087787
472,0.950252946
473,0.950418346
474,0.950585392
475,0.950749584
476,0.950908175
477,0.951065073
478,0.951225482
479,0.951388987
480,0.951554043
481,0.951719465
482,0.951884933
483,0.952049596
484,0.952212353
485,0.952376485
486,0.952539859
487,0.952702078
488,0.952866563
489,0.953031637
490,0.953195062
491,0.953354955
492,0.953516239
493,0.953680433
494,0.953844991
495,0.954008782
496,0.954172574
497,0.954333984
498,0.954493501
499,0.954654165
500,0.954813125
501,0.954969775
502,0.95512503
503,0.955280195
504,0.955435604
505,0.955589671
506,0.9557415
507,0.955892514
508,0.956042268
509,0.956189033
510,0.956334363
511,0.95647749
512,0.95661909
513,0.956759566
514,0.956899124
515,0.957036979
516,0.957172592
517,0.957304923
518,0.95743396
519,0.957562031
520,0.957690572
521,0.957817991
522,0.957946575
523,0.958075612
524,0.958201892
525,0.958326459
526,0.958451133
527,0.958576322
528,0.958698503
529,0.958817514
530,0.958935258
531,0.959052998
532,0.959169386
533,0.959283382
534,0.959394478
535,0.959503801
536,0.959612803
537,0.959721314
538,0.959828391
539,0.959933794
540,0.960037663
541,0.960140536
542,0.960243132
543,0.960342861
544,0.960441822
545,0.960540128
546,0.960636027
547,0.960730817
548,0.96082507
549,0.960918935
550,0.961012552
551,0.961104055
552,0.961194771
553,0.961285648
554,0.961373548
555,0.961459106
556,0.961543793
557,0.961628426
558,0.961710961
559,0.961790879
560,0.96186969
561,0.961949331
562,0.962028029
563,0.962105717
564,0.962182769
565,0.962258078
566,0.962332634
567,0.962407314
568,0.962483222
569,0.962558541
570,0.962632812
571,0.962705674
572,0.962777414
573,0.962848657
574,0.962919837
575,0.962990968
576,0.963062689
577,0.96313433
578,0.963204731
579,0.963274141
580,0.963343206
581,0.963411813
582,0.963480321
583,0.96354931
584,0.96361966
585,0.963690704
586,0.963760649
587,0.963830647
588,0.963900828
589,0.96397176
590,0.964043165
591,0.964115769
592,0.964189499
593,0.964264246
594,0.964339493
595,0.964415195
596,0.964492555
597,0.964572573
598,0.964654
599,0.964735997
600,0.964818016
601,0.964901417
602,0.964986013
603,0.965071274
604,0.965158591
605,0.965247676
606,0.965338639
607,0.965431293
608,0.965525541
609,0.965621637
610,0.9657204
611,0.965821147
612,0.965922455
613,0.966023568
614,0.966124013
615,0.966225797
616,0.966328822
617,0.966433233
618,0.966539013
619,0.966646257
620,0.966755875
621,0.966867047
622,0.966979013
623,0.96709137
624,0.967203161
625,0.967315654
626,0.967430881
627,0.967545542
628,0.967658811
629,0.967771581
630,0.967884524
631,0.967996943
632,0.968109909
633,0.968223892
634,0.968336853
635,0.96844921
636,0.968561979
637,0.968673713
638,0.968785492
639,0.968897563
640,0.969008892
641,0.96911851
642,0.96922697
643,0.969335466
644,0.969443912
645,0.96955333
646,0.969660958
647,0.969764997
648,0.969868015
649,0.969969692
650,0.970070822
651,0.970172298
652,0.970272293
653,0.970370348
654,0.970466579
655,0.970561275
656,0.970655001
657,0.970747496
658,0.970839
659,0.970929921
660,0.971017565
661,0.971101549
662,0.971184701
663,0.971265931
664,0.971346858
665,0.971428008
666,0.971507937
667,0.971586136
668,0.971662971
669,0.971739477
670,0.971813133
671,0.971885387
672,0.971956741
673,0.972026581
674,0.97209682
675,0.972165904
676,0.972230619
677,0.972293676
678,0.972356756
679,0.972419701
680,0.972481107
681,0.972542025
682,0.972602427
683,0.972661073
684,0.972719131
685,0.972777614
686,0.972835751
687,0.97289327
688,0.972949757
689,0.973004386
690,0.973058261
691,0.9731123
692,0.973165856
693,0.973219177
694,0.973271838
695,0.97332235
696,0.973372706
697,0.973424104
698,0.973475435
699,0.973527827
700,0.973579699
701,0.973630252
702,0.973680893
703,0.973732164
704,0.973783246
705,0.973834551
706,0.973886059
707,0.973937996
708,0.973989669
709,0.974040471
710,0.974092196
711,0.974143838
712,0.974194632
713,0.974246303
714,0.974297591
715,0.9743473
716,0.974396606
717,0.97444609
718,0.97449612
719,0.974546227
720,0.974596858
721,0.974645982
722,0.974693596
723,0.974741284
724,0.974788878
725,0.974836731
726,0.974884687
727,0.974932282
728,0.974978976
729,0.975025139
730,0.975071337
731,0.975117819
732,0.975163954
733,0.975209396
734,0.975254376
735,0.975298062
736,0.975340949
737,0.975383615
738,0.975424924
739,0.975465196
740,0.975505055
741,0.975544196
742,0.975583412
743,0.975622221
744,0.97566084
745,0.975698563
746,0.975734833
747,0.975770009
748,0.97580453
749,0.975837648
750,0.97586987
751,0.975901249
752,0.97593164
753,0.975961108
754,0.975991114
755,0.976021407
756,0.976050376
757,0.976077284
758,0.97610298
759,0.976127792
760,0.976151089
761,0.976173434
762,0.976194832
763,0.976214986
764,0.976234742
765,0.976255274
766,0.976274961
767,0.976293565
768,0.976310976
769,0.976328181
770,0.976345691
771,0.976363281
772,0.976380941
773,0.976398915
774,0.976417624
775,0.976435796
776,0.976452706
777,0.976469023
778,0.976485707
779,0.976502761
780,0.976519919
781,0.976537372
782,0.976555748
783,0.976575149
784,0.976594698
785,0.976613509
786,0.976632802
787,0.976652478
788,0.976672359
789,0.976694283
790,0.976717888
791,0.976742352
792,0.976766217
793,0.976790219
794,0.976813939
795,0.976837821
796,0.976862492
797,0.976888515
798,0.976915365
799,0.97694293
800,0.976971751
801,0.977001071
802,0.977030363
803,0.977059662
804,0.977088908
805,0.977119124
806,0.977151078
807,0.977184192
808,0.977218531
809,0.977253335
810,0.977288109
811,0.97732317
812,0.97735928
813,0.97739692
814,0.977434944
815,0.977472055
816,0.977509741
817,0.977548194
818,0.977587243
819,0.977626232
820,0.977665146
821,0.977704887
822,0.977746109
823,0.977788226
824,0.977828968
825,0.97786845
826,0.977908272
827,0.977949555
828,0.97799164
829,0.97803349
830,0.978074388
831,0.978115636
832,0.978157089
833,0.978197551
834,0.97823535
835,0.978274108
836,0.978313726
837,0.978352932
838,0.978391732
839,0.978430169
840,0.978467715
841,0.978503905
842,0.978539573
843,0.978573407
844,0.978605689
845,0.978638012
846,0.978670411
847,0.978702608
848,0.978734148
849,0.978764332
850,0.978793022
851,0.978820933
852,0.978847716
853,0.978871925
854,0.978895731
855,0.978919757
856,0.978943536
857,0.978966067
858,0.978986166
859,0.979003967
860,0.979020618
861,0.979037658
862,0.979054519
863,0.979069784
864,0.979083097
865,0.979097289
866,0.979112349
867,0.979127927
868,0.979143554
869,0.979158307
870,0.979171997
871,0.979184396
872,0.979195363
873,0.97920602
874,0.979216763
875,0.979228005
876,0.979239464
877,0.97924867
878,0.979256607
879,0.979265334
880,0.979276139
881,0.979286338
882,0.979294427
883,0.979301275
884,0.979310195
885,0.979319507
886,0.979328232
887,0.979336906
888,0.979346284
889,0.97935506
890,0.979362069
891,0.979368269
892,0.979376009
893,0.979384538
894,0.979392784
895,0.979400259
896,0.979409088
897,0.97941694
898,0.979423026
899,0.979428317
900,0.979433335
901,0.979437577
902,0.979441259
903,0.979446402
904,0.97945264
905,0.979456674
906,0.979458537
907,0.979460691
908,0.979463911
909,0.979469048
910,0.979476269
911,0.979483873
912,0.979490644
913,0.979498502
914,0.979507979
915,0.979516608
916,0.979524968
917,0.979531467
918,0.979536274
919,0.979540926
920,0.979545348
921,0.979551291
922,0.979558415
923,0.979564821
924,0.979571582
925,0.979579509
926,0.979586411
927,0.97959287
928,0.979600762
929,0.979608524
930,0.979614876
931,0.979620814
932,0.979628224
933,0.979638174
934,0.979648223
935,0.979656357
936,0.97966352
937,0.979670208
938,0.979676151
939,0.979681258
940,0.979686535
941,0.979692517
942,0.979698179
943,0.979705035
944,0.979712997
945,0.979719686
946,0.97972522
947,0.979731327
948,0.979736048
949,0.979742124
950,0.979748046
951,0.979752833
952,0.979757067
953,0.979762974
954,0.979767967
955,0.979773889
956,0.979781841
957,0.979789304
958,0.979796789
959,0.979805259
960,0.97981357
961,0.97981589
962,0.97982053
963,0.979827924
964,0.97983533
965,0.979843945
966,0.979851548
967,0.979859231
968,0.979867005
969,0.979874104
970,0.97988238
971,0.97988991
972,0.979897069
973,0.979906133
974,0.979911943
975,0.979916418
976,0.979921916
977,0.979928912
978,0.979935543
979,0.979942202
980,0.979949314
981,0.979956486
982,0.979962766
983,0.979966563
984,0.979969237
985,0.979972935
986,0.979976768
987,0.979980169
988,0.979983955
989,0.9799889
990,0.979995264
991,0.980002403
992,0.980008974
993,0.980014385
994,0.980019416
995,0.98002616
996,0.980032891
997,0.980038624
998,0.980046221
999,0.980053223
1000,0.980059538
1001,0.980066451
1002,0.980074731
1003,0.980082483
1004,0.98009078
1005,0.980099485
1006,0.980107715
1007,0.980116954
1008,0.980126974
1009,0.980135988
1010,0.980144228
1011,0.980158508
1012,0.980172629
1013,0.980184615
1014,0.980196714
1015,0.980207509
1016,0.980217887
1017,0.980228477
1018,0.98023973
1019,0.980252064
1020,0.980264068
1021,0.980276198
1022,0.98028832
1023,0.980298291
1024,0.980310353
1025,0.980322431
1026,0.980334343
1027,0.980347183
1028,0.980360649
1029,0.98037388
1030,0.980386842
1031,0.980399504
1032,0.980411146
1033,0.980422657
1034,0.980434331
1035,0.980445923
1036,0.980457144
1037,0.980468276
1038,0.980479064
1039,0.980489499
1040,0.980499867
1041,0.980510293
1042,0.980520318
1043,0.980530005
1044,0.980539689
1045,0.980549322
1046,0.980558625
1047,0.980567961
1048,0.980577363
1049,0.980586376
1050,0.980595518
1051,0.980605008
1052,0.980615099
1053,0.980625299
1054,0.980635261
1055,0.980645156
1056,0.980654366
1057,0.980663129
1058,0.980671678
1059,0.98068034
1060,0.980689397
1061,0.980699009
1062,0.980709119
1063,0.980719624
1064,0.980730375
1065,0.980741458
1066,0.98075294
1067,0.980764769
1068,0.980776589
1069,0.980787949
1070,0.980799374
1071,0.980811289
1072,0.980823599
1073,0.980836484
1074,0.980850365
1075,0.980864687
1076,0.980879022
1077,0.980893096
1078,0.980906821
1079,0.980920397
1080,0.98093356
1081,0.980946546
1082,0.980959969
1083,0.980973161
1084,0.980986085
1085,0.980998696
1086,0.981011354
1087,0.981023836
1088,0.981036216
1089,0.981048853
1090,0.981061136
1091,0.98107225
1092,0.981083155
1093,0.981093966
1094,0.981104692
1095,0.981115848
1096,0.981127422
1097,0.981139232
1098,0.981151046
1099,0.981162829
1100,0.981174388
1101,0.981185533
1102,0.981195708
1103,0.981205389
1104,0.981215009
1105,0.98122425
1106,0.981233499
1107,0.981242642
1108,0.981251258
1109,0.981259723
1110,0.981268066
1111,0.981276149
1112,0.981284057
1113,0.981291749
1114,0.981299049
1115,0.981305963
1116,0.981312719
1117,0.981319313
1118,0.981325844
1119,0.981332933
1120,0.981340229
1121,0.981347336
1122,0.981354504
1123,0.981361509
1124,0.981368142
1125,0.981374647
1126,0.981380837
1127,0.981386484
1128,0.98139155
1129,0.981396233
1130,0.981400644
1131,0.98140488
1132,0.981408898
1133,0.981412415
1134,0.981415476
1135,0.981417862
1136,0.981419368
1137,0.981420108
1138,0.981420183
1139,0.981419145
1140,0.981417155
1141,0.981414988
1142,0.981412239
1143,0.981408692
1144,0.981404567
1145,0.981399757
1146,0.981393904
1147,0.981386967
1148,0.981379211
1149,0.981370673
1150,0.981361301
1151,0.981351229
1152,0.981340414
1153,0.981328416
1154,0.981315221
1155,0.98130106
1156,0.981285863
1157,0.981269956
1158,0.981253644
1159,0.981236752
1160,0.981219321
1161,0.981201311
1162,0.981182593
1163,0.981163321
1164,0.981143594
1165,0.981123463
1166,0.981103165
1167,0.981082805
1168,0.981062275
1169,0.98104143
1170,0.981020634
1171,0.980999902
1172,0.980979017
1173,0.98095827
1174,0.98093763
1175,0.980916976
1176,0.980896486
1177,0.980876452
1178,0.980856811
1179,0.980837545
1180,0.980818788
1181,0.980800425
1182,0.980782143
1183,0.980764098
1184,0.980746295
1185,0.980728747
1186,0.980711641
1187,0.980695056
1188,0.980678791
1189,0.980663042
1190,0.980648002
1191,0.980633644
1192,0.980619858
1193,0.980606802
1194,0.98059426
1195,0.980582231
1196,0.980570679
1197,0.980560023
1198,0.980550304
1199,0.980541469
1200,0.980533619
1201,0.980526594
1202,0.980520593
1203,0.980515869
1204,0.980512224
1205,0.980509707
1206,0.980508303
1207,0.98050783
1208,0.980508253
1209,0.980509679
1210,0.980511926
1211,0.980515289
1212,0.980519903
1213,0.980525758
1214,0.980532809
1215,0.980540957
1216,0.980549826
1217,0.980559271
1218,0.980569333
1219,0.980579894
1220,0.980590756
1221,0.980601965
1222,0.980613724
1223,0.980625849
1224,0.980638366
1225,0.980651287
1226,0.980664364
1227,0.980677442
1228,0.980690582
1229,0.980703763
1230,0.980716886
1231,0.980729678
1232,0.980742072
1233,0.980754095
1234,0.98076553
1235,0.980776546
1236,0.980787291
1237,0.980797148
1238,0.98080593
1239,0.980813698
1240,0.980820325
1241,0.980825737
1242,0.9808301
1243,0.980833509
1244,0.980835974
1245,0.980837634
1246,0.980838842
1247,0.980839433
1248,0.980839034
1249,0.980837763
1250,0.980835653
1251,0.980832692
1252,0.98082895
1253,0.980824654
1254,0.98081962
1255,0.980813651
1256,0.980807041
1257,0.980799895
1258,0.98079233
1259,0.980784296
1260,0.980776058
1261,0.980767678
1262,0.980758982
1263,0.980749929
1264,0.980740479
1265,0.98073035
1266,0.980719835
1267,0.980709142
1268,0.980698321
1269,0.980687333
1270,0.980676294
1271,0.980665019
1272,0.980653272
1273,0.980641422
1274,0.980629414
1275,0.980617233
1276,0.9806051
1277,0.980593001
1278,0.9805809
1279,0.980568629
1280,0.980556018
1281,0.980543384
1282,0.98053067
1283,0.980517938
1284,0.980505475
1285,0.980493132
1286,0.980480381
1287,0.980467599
1288,0.980454804
1289,0.980441914
1290,0.980429168
1291,0.980416571
1292,0.980404019
1293,0.980391659
1294,0.980379185
1295,0.980366345
1296,0.980352953
1297,0.980338793
1298,0.980324192
1299,0.980309059
1300,0.980293428
1301,0.980277322
1302,0.980260972
1303,0.980244304
1304,0.980227563
1305,0.980211216
1306,0.980194955
1307,0.980178694
1308,0.980162398
1309,0.980146164
1310,0.980129776
1311,0.980112994
1312,0.980095895
1313,0.980078265
1314,0.980060051
1315,0.980041823
1316,0.980023561
1317,0.980005275
1318,0.979986993
1319,0.979968831
1320,0.979950689
1321,0.979932895
1322,0.979915824
1323,0.979899281
1324,0.979883372
1325,0.979867983
1326,0.979852946
1327,0.979838321
1328,0.979823972
1329,0.979809985
1330,0.979796429
1331,0.97978318
1332,0.979770435
1333,0.979757946
1334,0.979745528
1335,0.97973318
1336,0.979720715
1337,0.979707833
1338,0.979694783
1339,0.979681392
1340,0.979667745
1341,0.97965395
1342,0.979639728
1343,0.979624775
1344,0.979609227
1345,0.97959292
1346,0.979576238
1347,0.979559473
1348,0.979542633
1349,0.979525935
1350,0.979509391
1351,0.979493081
1352,0.979476809
1353,0.979460484
1354,0.979444051
1355,0.979427148
1356,0.979409724
1357,0.979391948
1358,0.979373745
1359,0.979354934
1360,0.979335507
1361,0.979315792
1362,0.979295737
1363,0.979275778
1364,0.979256477
1365,0.979237657
1366,0.979219361
1367,0.979201709
1368,0.979184757
1369,0.979168516
1370,0.979153018
1371,0.979138254
1372,0.979124199
1373,0.979110827
1374,0.979098079
1375,0.97908603
1376,0.97907448
1377,0.979063329
1378,0.979052559
1379,0.979042197
1380,0.979032562
1381,0.979023747
1382,0.97901568
1383,0.979008518
1384,0.979002223
1385,0.97899665
1386,0.978991957
1387,0.978988364
1388,0.978985854
1389,0.97898461
1390,0.978984438
1391,0.97898522
1392,0.97898691
1393,0.978989337
1394,0.978992674
1395,0.978997234
1396,0.979002826
1397,0.979009278
1398,0.979016767
1399,0.979025301
1400,0.979034664
1401,0.979044806
1402,0.979055673
1403,0.979066825
1404,0.979078119
1405,0.979089796
1406,0.979101948
1407,0.979114559
1408,0.97912792
1409,0.979142231
1410,0.979157659
1411,0.979174265
1412,0.979192347
1413,0.979211855
1414,0.979232711
1415,0.97925497
1416,0.979278708
1417,0.979303789
1418,0.979330025
1419,0.979357519
1420,0.979386286
1421,0.979416117
1422,0.979447036
1423,0.979478702
1424,0.979510816
1425,0.979543294
1426,0.979576164
1427,0.979609535
1428,0.97964352
1429,0.979678097
1430,0.979713003
1431,0.979748023
1432,0.979783094
1433,0.979818109
1434,0.979852911
1435,0.979887365
1436,0.979921558
1437,0.979955394
1438,0.9799887
1439,0.980021387
1440,0.980053103
1441,0.980083376
1442,0.980112339
1443,0.980140068
1444,0.98016639
1445,0.980191282
1446,0.980214765
1447,0.980236814
1448,0.980257381
1449,0.980276399
1450,0.980293802
1451,0.980309558
1452,0.980323688
1453,0.980336503
1454,0.980348283
1455,0.980359043
1456,0.98036892
1457,0.980378023
1458,0.980386123
1459,0.980393293
1460,0.980399582
1461,0.980404912
1462,0.980409253
1463,0.980412555
1464,0.980414749
1465,0.980415748
1466,0.980415688
1467,0.980414663
1468,0.980412678
1469,0.98040965
1470,0.980405453
1471,0.98040028
1472,0.980394156
1473,0.980387465
1474,0.980380545
1475,0.980373535
1476,0.98036653
1477,0.980359411
1478,0.980352196
1479,0.980344898
1480,0.980337468
1481,0.980330074
1482,0.980322782
1483,0.980315536
1484,0.98030833
1485,0.980301378
1486,0.980294642
1487,0.980288033
1488,0.980281495
1489,0.980275147
1490,0.980269139
1491,0.980263825
1492,0.9802594
1493,0.98025581
1494,0.980253232
1495,0.98025164
1496,0.980250962
1497,0.980251274
1498,0.980252372
1499,0.980254146
1500,0.980256703
1501,0.980259993
1502,0.980263988
1503,0.980268587
1504,0.980273527
1505,0.980278663
1506,0.98028392
1507,0.980289192
1508,0.980294713
1509,0.980300345
1510,0.980306137
1511,0.980312165
1512,0.980318344
1513,0.98032479
1514,0.980331598
1515,0.980338702
1516,0.980346034
1517,0.980353638
1518,0.980361581
1519,0.980369899
1520,0.980378591
1521,0.980387668
1522,0.980396884
1523,0.980406033
1524,0.980414924
1525,0.980423234
1526,0.980431187
1527,0.980438775
1528,0.980446225
1529,0.980453804
1530,0.980461594
1531,0.980469583
1532,0.980477847
1533,0.980486593
1534,0.980495718
1535,0.980505221
1536,0.980514685
1537,0.980523851
1538,0.98053309
1539,0.980542242
1540,0.980551418
1541,0.980560663
1542,0.980569544
1543,0.980577917
1544,0.980585687
1545,0.980592933
1546,0.980599554
1547,0.98060558
1548,0.980611003
1549,0.980615583
1550,0.98061954
1551,0.980622958
1552,0.980625841
1553,0.980628402
1554,0.98063095
1555,0.980633589
1556,0.980636524
1557,0.980639812
1558,0.980643272
1559,0.980646884
1560,0.980650483
1561,0.980653974
1562,0.980657475
1563,0.980660738
1564,0.980663537
1565,0.980665858
1566,0.980667525
1567,0.980668541
1568,0.980669075
1569,0.980669289
1570,0.980669215
1571,0.980668669
1572,0.980667748
1573,0.980666368
1574,0.980664554
1575,0.98066265
1576,0.980660513
1577,0.980658263
1578,0.980655723
1579,0.980652631
1580,0.980648914
1581,0.980644564
1582,0.980639501
1583,0.980633277
1584,0.980625936
1585,0.980617296
1586,0.98060756
1587,0.980597257
1588,0.980586229
1589,0.980574592
1590,0.980562365
1591,0.980549368
1592,0.980535729
1593,0.980521865
1594,0.980507795
1595,0.980493725
1596,0.980479957
1597,0.980466436
1598,0.980453423
1599,0.98044102
1600,0.980429012
1601,0.980417363
1602,0.980405983
1603,0.980394801
1604,0.980383794
1605,0.980372664
1606,0.980361135
1607,0.980349051
1608,0.980336116
1609,0.980322515
1610,0.980308316
1611,0.980293559
1612,0.980278288
1613,0.980262426
1614,0.98024604
1615,0.980229288
1616,0.980212219
1617,0.9801949
1618,0.980177264
1619,0.980158957
1620,0.980139795
1621,0.980119997
1622,0.98009957
1623,0.980078472
1624,0.980056839
1625,0.980034512
1626,0.980011349
1627,0.979987414
1628,0.97996277
1629,0.979937331
1630,0.979911067
1631,0.979883999
1632,0.979856134
1633,0.979827445
1634,0.979798009
1635,0.979767869
1636,0.979737102
1637,0.97970575
1638,0.979673761
1639,0.979641551
1640,0.979609299
1641,0.979577177
1642,0.979545696
1643,0.979514463
1644,0.979483319
1645,0.979452217
1646,0.979420958
1647,0.979389402
1648,0.97935722
1649,0.979324629
1650,0.979291519
1651,0.979257962
1652,0.979224207
1653,0.979190008
1654,0.979155069
1655,0.979119609
1656,0.979083789
1657,0.979047489
1658,0.979010807
1659,0.978973868
1660,0.978936639
1661,0.978899201
1662,0.97886186
1663,0.978824226
1664,0.978786146
1665,0.978747502
1666,0.978708029
1667,0.978667968
1668,0.978627363
1669,0.978586269
1670,0.978544996
1671,0.97850322
1672,0.978460747
1673,0.978417611
1674,0.978373579
1675,0.978328883
1676,0.978283763
1677,0.978238133
1678,0.978191874
1679,0.978145301
1680,0.97809868
1681,0.978051828
1682,0.978004619
1683,0.977957536
1684,0.977910628
1685,0.977864215
1686,0.977819006
1687,0.977774824
1688,0.977731762
1689,0.977689828
1690,0.977649075
1691,0.977609494
1692,0.977570888
1693,0.977533355
1694,0.977497333
1695,0.97746216
1696,0.977427223
1697,0.97739328
1698,0.977360398
1699,0.977328733
1700,0.977299027
1701,0.977270914
1702,0.977243911
1703,0.977218201
1704,0.977193952
1705,0.977171029
1706,0.977149259
1707,0.977128914
1708,0.977110167
1709,0.977093077
1710,0.977077786
1711,0.977064307
1712,0.977052137
1713,0.977041735
1714,0.97703334
1715,0.977026972
1716,0.977022844
1717,0.977021249
1718,0.977022314
1719,0.977025831
1720,0.977031715
1721,0.977039907
1722,0.977050164
1723,0.977062425
1724,0.977077044
1725,0.977093374
1726,0.977111011
1727,0.977129739
1728,0.977149395
1729,0.977169567
1730,0.977189869
1731,0.977210216
1732,0.977230607
1733,0.977250476
1734,0.977269603
1735,0.977287899
1736,0.97730477
1737,0.977320156
1738,0.97733436
1739,0.977346773
1740,0.977357058
1741,0.977365177
1742,0.977370574
1743,0.977374022
1744,0.977375403
1745,0.977375543
1746,0.977375663
1747,0.977375441
1748,0.97737517
1749,0.977374924
1750,0.977374292
1751,0.977373677
1752,0.977373558
1753,0.97737392
1754,0.977374847
1755,0.977376777
1756,0.977379841
1757,0.97738456
1758,0.977391578
1759,0.977400846
1760,0.977412575
1761,0.977426896
1762,0.977443975
1763,0.977463543
1764,0.977485349
1765,0.977509214
1766,0.977535549
1767,0.977563837
1768,0.977593478
1769,0.977624567
1770,0.977656461
1771,0.977688493
1772,0.977720506
1773,0.97775199
1774,0.977781843
1775,0.977810198
1776,0.977854051
1777,0.977891506
1778,0.977922685
1779,0.977947322
1780,0.977965488
1781,0.977977241
1782,0.977982604
1783,0.977981718
1784,0.977974883
1785,0.977962118
1786,0.977943338
1787,0.977918495
1788,0.977887797
1789,0.977851853
1790,0.97781135
1791,0.977766318
1792,0.977717744
1793,0.977664984
1794,0.977608016
1795,0.97754701
1796,0.977481875
1797,0.977412663
1798,0.97733958
1799,0.977262912
1800,0.977182859
1801,0.977099481
1802,0.977013208
1803,0.976924489
1804,0.976834005
1805,0.976742093
1806,0.976649469
1807,0.976556372
1808,0.976462692
1809,0.9763687
1810,0.976274658
1811,0.976180637
1812,0.97608673
1813,0.97599315
1814,0.975900339
1815,0.975808214
1816,0.975716596
1817,0.975625753
1818,0.975535901
1819,0.975446977
1820,0.975359394
1821,0.975273603
1822,0.975189812
1823,0.97510818
1824,0.975029723
1825,0.974954558
1826,0.974861891
1827,0.974770118
1828,0.974679068
1829,0.974589068
1830,0.97450029
1831,0.974412697
1832,0.974326075
1833,0.974240924
1834,0.974157338
1835,0.974075458
1836,0.973995533
1837,0.973917936
1838,0.973842587
1839,0.973769338
1840,0.973697777
1841,0.973628216
1842,0.973560361
1843,0.973494408
1844,0.973430648
1845,0.973369313
1846,0.973309895
1847,0.973252391
1848,0.973197043
1849,0.973143832
1850,0.973092666
1851,0.973043844
1852,0.972997321
1853,0.972953296
1854,0.972911414
1855,0.972871792
1856,0.972834583
1857,0.972799154
1858,0.972765358
1859,0.972733098
1860,0.97270211
1861,0.972672384
1862,0.972643846
1863,0.972616391
1864,0.972589548
1865,0.972563699
1866,0.972539055
1867,0.972515436
1868,0.972492912
1869,0.972471679
1870,0.972451289
1871,0.972431643
1872,0.972412782
1873,0.972394969
1874,0.972378027
1875,0.972361687
1876,0.972345908
1877,0.972330017
1878,0.972313974
1879,0.97229755
1880,0.972280665
1881,0.97226369
1882,0.972246774
1883,0.972229768
1884,0.972212828
1885,0.972195722
1886,0.972178445
1887,0.972160986
1888,0.972143171
1889,0.97212497
1890,0.972106406
1891,0.972087227
1892,0.972067303
1893,0.972046517
1894,0.972024843
1895,0.972002047
1896,0.971978306
1897,0.971953814
1898,0.971928697
1899,0.971902984
1900,0.971876862
1901,0.971850565
1902,0.971824123
1903,0.971797212
1904,0.971769894
1905,0.971742021
1906,0.971713288
1907,0.971684165
1908,0.971654818
1909,0.971625345
1910,0.971596055
1911,0.971567002
1912,0.971537958
1913,0.971509045
1914,0.971480448
1915,0.971452123
1916,0.971423906
1917,0.971395703
1918,0.971367517
1919,0.971339078
1920,0.97131066
1921,0.971282458
1922,0.971254389
1923,0.971226416
1924,0.971198277
1925,0.971169914
1926,0.971141244
1927,0.971112577
1928,0.971083958
1929,0.971055934
1930,0.971028591
1931,0.971001462
1932,0.970974728
1933,0.970948283
1934,0.970921863
1935,0.97089553
1936,0.970869195
1937,0.970842711
1938,0.970815835
1939,0.970788481
1940,0.970760654
1941,0.97073228
1942,0.970703298
1943,0.970673821
1944,0.970643729
1945,0.97061299
1946,0.970582033
1947,0.970551049
1948,0.970519763
1949,0.970488163
1950,0.970456299
1951,0.970423634
1952,0.970390075
1953,0.970355822
1954,0.970320777
1955,0.970285253
1956,0.970249302
1957,0.970212562
1958,0.970175135
1959,0.97013681
1960,0.970097327
1961,0.970056264
1962,0.970013766
1963,0.969969866
1964,0.969924406
1965,0.969877418
1966,0.969829229
1967,0.969779768
1968,0.969728784
1969,0.969676605
1970,0.969623245
1971,0.969568702
1972,0.96951297
1973,0.969456224
1974,0.969398107
1975,0.969338527
1976,0.969277485
1977,0.96921451
1978,0.96914966
1979,0.96908264
1980,0.9690129
1981,0.968940693
1982,0.968865795
1983,0.968788018
1984,0.968707542
1985,0.968623829
1986,0.968536443
1987,0.968445466
1988,0.968350853
1989,0.968252534
1990,0.96815087
1991,0.968046148
1992,0.967938399
1993,0.967827613
1994,0.967713956
1995,0.967597325
1996,0.967477534
1997,0.967354373
1998,0.967227982
1999,0.967098263
2000,0.966965051
2001,0.966828683
2002,0.96668909
2003,0.966546104
2004,0.966400104
2005,0.966251083
2006,0.966098958
2007,0.965944025
2008,0.965786473
2009,0.965626376
2010,0.965463968
2011,0.9652996
2012,0.965133405
2013,0.964965403
2014,0.964795669
2015,0.964624246
2016,0.964451102
2017,0.96427638
2018,0.964100464
2019,0.963923179
2020,0.963744392
2021,0.963564171
2022,0.963382564
2023,0.963199319
2024,0.963014736
2025,0.962828974
2026,0.962642169
2027,0.962454894
2028,0.962266973
2029,0.96207837
2030,0.961889442
2031,0.961700041
2032,0.961510181
2033,0.961320263
2034,0.961130305
2035,0.960940592
2036,0.960751594
2037,0.96056319
2038,0.960375637
2039,0.960189179
2040,0.960003385
2041,0.959818523
2042,0.959634812
2043,0.959452617
2044,0.959272235
2045,0.959094079
2046,0.958918105
2047,0.958744388
2048,0.958572946
2049,0.958403934
2050,0.958237522
2051,0.958073736
2052,0.957912389
2053,0.95775372
2054,0.957597688
2055,0.957443875
2056,0.9572925
2057,0.957143526
2058,0.956996758
2059,0.956852173
2060,0.956709857
2061,0.956570069
2062,0.956432505
2063,0.956296956
2064,0.956163462
2065,0.956032012
2066,0.955902281
2067,0.955774263
2068,0.955647702
2069,0.955522162
2070,0.955397386
2071,0.95527334
2072,0.955149677
2073,0.955026564
2074,0.954904126
2075,0.954782315
2076,0.954660996
2077,0.954539658
2078,0.954418153
2079,0.954296303
2080,0.954173717
2081,0.954050436
2082,0.953926683
2083,0.953801923
2084,0.953675894
2085,0.953548663
2086,0.953420144
2087,0.953290405
2088,0.953159639
2089,0.953028009
2090,0.952896071
2091,0.952763541
2092,0.952630708
2093,0.95249786
2094,0.952364691
2095,0.952230863
2096,0.95209672
2097,0.951962507
2098,0.95182837
2099,0.951694541
2100,0.951561179
2101,0.951428388
2102,0.951296493
2103,0.951165788
2104,0.951036699
2105,0.950909518
2106,0.950784334
2107,0.950661254
2108,0.950540271
2109,0.950421607
2110,0.950305063
2111,0.950190806
2112,0.950078859
2113,0.94996949
2114,0.949863024
2115,0.94975906
2116,0.949657765
2117,0.949559267
2118,0.949463588
2119,0.949371177
2120,0.949282455
2121,0.949197534
2122,0.949116833
2123,0.949040217
2124,0.948967462
2125,0.94889863
2126,0.948833703
2127,0.948773091
2128,0.94871664
2129,0.948664473
2130,0.948617126
2131,0.94857489
2132,0.948537521
2133,0.948505648
2134,0.94847961
2135,0.948459301
2136,0.948444969
2137,0.948437146
2138,0.948436328
2139,0.948443002
2140,0.948457367
2141,0.948480016
2142,0.948511368
2143,0.948551236
2144,0.94859992
2145,0.948658319
2146,0.948726959
2147,0.948805616
2148,0.948894427
2149,0.948993597
2150,0.949102978
2151,0.949222467
2152,0.949352665
2153,0.949493196
2154,0.949643557
2155,0.949803746
2156,0.949973664
2157,0.950153425
2158,0.950342804
2159,0.950541705
2160,0.950749718
2161,0.950965963
2162,0.95119068
2163,0.951423439
2164,0.951663787
2165,0.951912166
2166,0.952167509
2167,0.952429072
2168,0.952696426
2169,0.952968681
2170,0.953245659
2171,0.953526836
2172,0.953811743
2173,0.954099826
2174,0.954390714
2175,0.954683783
2176,0.954978176
2177,0.955273294
2178,0.955568868
2179,0.955864615
2180,0.956160297
2181,0.956454799
2182,0.956747913
2183,0.957038793
2184,0.957326761
2185,0.957611272
2186,0.957891833
2187,0.958168027
2188,0.958439084
2189,0.958704751
2190,0.958964846
2191,0.959218918
2192,0.959466062
2193,0.959706616
2194,0.959940783
2195,0.960168103
2196,0.960387569
2197,0.960599316
2198,0.960803106
2199,0.960998578
2200,0.961185971
2201,0.961365351
2202,0.96153601
2203,0.96169808
2204,0.961851679
2205,0.961996596
2206,0.96213276
2207,0.962260033
2208,0.962378306
2209,0.962487671
2210,0.962588789
2211,0.962682339
2212,0.962767699
2213,0.962845112
2214,0.962914639
2215,0.962975499
2216,0.963028594
2217,0.96307465
2218,0.963113282
2219,0.963144807
2220,0.963169357
2221,0.963186854
2222,0.96319781
2223,0.963202459
2224,0.963200358
2225,0.963191773
2226,0.963177405
2227,0.963156983
2228,0.963130687
2229,0.963098281
2230,0.963059007
2231,0.963013562
2232,0.96296194
2233,0.962904095
2234,0.962839773
2235,0.96276888
2236,0.962691657
2237,0.962608073
2238,0.962518554
2239,0.962423145
2240,0.962321917
2241,0.962215143
2242,0.962103387
2243,0.961986735
2244,0.961865181
2245,0.961739347
2246,0.961610148
2247,0.961477705
2248,0.961342592
2249,0.961205273
2250,0.961065623
2251,0.960924297
2252,0.960781829
2253,0.960638644
2254,0.960495015
2255,0.960351209
2256,0.960207679
2257,0.960064489
2258,0.959921771
2259,0.959779955
2260,0.959639303
2261,0.959499585
2262,0.959361459
2263,0.959225406
2264,0.959091046
2265,0.95895829
2266,0.958827066
2267,0.958696296
2268,0.958565461
2269,0.958434925
2270,0.958304156
2271,0.958172573
2272,0.958039615
2273,0.957904496
2274,0.957766654
2275,0.957625245
2276,0.957479062
2277,0.957327655
2278,0.957170467
2279,0.957007471
2280,0.956838862
2281,0.956664152
2282,0.956483198
2283,0.956295896
2284,0.956102751
2285,0.955904502
2286,0.955702161
2287,0.955496357
2288,0.955288232
2289,0.955078723
2290,0.95486888
2291,0.954659535
2292,0.954452441
2293,0.954248568
2294,0.954048723
2295,0.953854075
2296,0.953664376
2297,0.953479909
2298,0.953301854
2299,0.953130033
2300,0.952965018
2301,0.952807897
2302,0.952658322
2303,0.952516267
2304,0.952382269
2305,0.952256025
2306,0.952137339
2307,0.952026266
2308,0.951922584
2309,0.951825563
2310,0.951734713
2311,0.95164946
2312,0.951568161
2313,0.95148863
2314,0.951409518
2315,0.951329878
2316,0.951248146
2317,0.951163179
2318,0.951073985
2319,0.950979263
2320,0.950877929
2321,0.950769265
2322,0.950652871
2323,0.950527941
2324,0.950394195
2325,0.950252536
2326,0.950103292
2327,0.949946407
2328,0.949783301
2329,0.949614651
2330,0.949440437
2331,0.949262027
2332,0.949080469
2333,0.948896447
2334,0.948711136
2335,0.94852569
2336,0.948339946
2337,0.948155423
2338,0.947973776
2339,0.947795833
2340,0.947621864
2341,0.947452956
2342,0.947288811
2343,0.947128956
2344,0.94697475
2345,0.946826011
2346,0.946682871
2347,0.946546534
2348,0.946416386
2349,0.946292276
2350,0.946174051
2351,0.946060497
2352,0.945952384
2353,0.945849836
2354,0.945751676
2355,0.945657582
2356,0.945566438
2357,0.945477231
2358,0.94538996
2359,0.945304397
2360,0.945219645
2361,0.945134596
2362,0.945048623
2363,0.944961919
2364,0.944874645
2365,0.944786596
2366,0.944697848
2367,0.944608275
2368,0.944518023
2369,0.944426992
2370,0.944335404
2371,0.944244423
2372,0.944153187
2373,0.944061344
2374,0.943970402
2375,0.943879885
2376,0.943789945
2377,0.943702132
2378,0.943616065
2379,0.943531504
2380,0.943449216
2381,0.943369626
2382,0.943293417
2383,0.943220902
2384,0.943152254
2385,0.943087856
2386,0.943027741
2387,0.942971498
2388,0.942917409
2389,0.942864798
2390,0.942814338
2391,0.942765636
2392,0.942719985
2393,0.942678601
2394,0.942640593
2395,0.942605805
2396,0.942573566
2397,0.94254339
2398,0.942515868
2399,0.942490449
2400,0.942467953
2401,0.942449537
2402,0.942433303
2403,0.942418447
2404,0.942405149
2405,0.942392183
2406,0.942379921
2407,0.942369277
2408,0.942359137
2409,0.942349082
2410,0.942339125
2411,0.942329215
2412,0.942320751
2413,0.942313807
2414,0.942307518
2415,0.942301684
2416,0.942295197
2417,0.94228908
2418,0.942285428
2419,0.942284392
2420,0.942286507
2421,0.942289912
2422,0.942293181
2423,0.942297531
2424,0.94230232
2425,0.942308152
2426,0.942317113
2427,0.942328972
2428,0.942341645
2429,0.942354321
2430,0.942366636
2431,0.942376235
2432,0.942383888
2433,0.942392329
2434,0.94240019
2435,0.942406768
2436,0.942413571
2437,0.94242024
2438,0.942427795
2439,0.942437501
2440,0.942449004
2441,0.942462272
2442,0.942476137
2443,0.942490868
2444,0.942506849
2445,0.942523799
2446,0.942542925
2447,0.942563679
2448,0.942584427
2449,0.942606374
2450,0.942629514
2451,0.942652068
2452,0.942674414
2453,0.942696964
2454,0.942718743
2455,0.942741983
2456,0.942768388
2457,0.942795079
2458,0.942822537
2459,0.942850891
2460,0.942878494
2461,0.942907655
2462,0.942938699
2463,0.942970239
2464,0.943002737
2465,0.943036864
2466,0.943074657
2467,0.943116323
2468,0.943158126
2469,0.943198419
2470,0.943235966
2471,0.943270401
2472,0.943303836
2473,0.943339671
2474,0.943377244
2475,0.943414479
2476,0.943430994
2477,0.943463726
2478,0.943496059
2479,0.943527992
2480,0.943559525
2481,0.943590659
2482,0.943621393
2483,0.943651728
2484,0.943681664
2485,0.943711199
2486,0.943740336
2487,0.943769073
2488,0.94379741
2489,0.943825348
2490,0.943852886
2491,0.943880025
2492,0.943906764
2493,0.943933104
2494,0.943959044
2495,0.943984584
2496,0.944009726
2497,0.944034467
2498,0.944058809
2499,0.944082752
2500,0.944106295
